frame,roi_id,prediction,score,latency_ms
0,roi_vaa8m,0,0.0,9.702
1,roi_vaa8m,0,0.0,3.387
2,roi_vaa8m,0,0.0,4.426
3,roi_vaa8m,0,0.0,2.363
4,roi_vaa8m,0,0.0,2.268
5,roi_vaa8m,0,0.0,2.747
6,roi_vaa8m,0,0.0,1.693
7,roi_vaa8m,0,0.0,2.449
8,roi_vaa8m,0,0.0,1.714
9,roi_vaa8m,0,0.0,2.615
10,roi_vaa8m,0,0.0,1.78
11,roi_vaa8m,0,0.0,1.715
12,roi_vaa8m,0,0.0,1.71
13,roi_vaa8m,0,0.0,1.678
14,roi_vaa8m,0,0.0,1.633
15,roi_vaa8m,0,0.0,2.581
16,roi_vaa8m,0,0.0,3.688
17,roi_vaa8m,0,0.0,1.886
18,roi_vaa8m,0,0.0,2.084
19,roi_vaa8m,0,0.0,2.212
20,roi_vaa8m,0,0.0,1.618
21,roi_vaa8m,0,0.0,2.305
22,roi_vaa8m,0,0.0,2.149
23,roi_vaa8m,0,0.0,2.406
24,roi_vaa8m,0,0.0,2.178
25,roi_vaa8m,0,0.0,2.675
26,roi_vaa8m,0,0.0,1.829
27,roi_vaa8m,0,0.0,2.31
28,roi_vaa8m,0,0.0,1.835
29,roi_vaa8m,0,0.0,3.737
30,roi_vaa8m,0,0.0,2.071
31,roi_vaa8m,0,0.0,1.702
32,roi_vaa8m,0,0.0,4.853
33,roi_vaa8m,0,0.0,11.84
34,roi_vaa8m,0,0.0,7.081
35,roi_vaa8m,0,0.0,9.655
36,roi_vaa8m,0,0.0,2.784
37,roi_vaa8m,0,0.0,6.575
38,roi_vaa8m,0,0.0,2.49
39,roi_vaa8m,0,0.0,2.328
40,roi_vaa8m,0,0.0,2.367
41,roi_vaa8m,0,0.0,2.335
42,roi_vaa8m,0,0.0,30.559
43,roi_vaa8m,0,0.0,8.388
44,roi_vaa8m,0,0.0,5.137
45,roi_vaa8m,0,0.0,31.386
46,roi_vaa8m,0,0.0,8.877
47,roi_vaa8m,0,0.0,4.38
48,roi_vaa8m,0,0.0,2.365
49,roi_vaa8m,0,0.0,14.537
50,roi_vaa8m,0,0.0,2.192
51,roi_vaa8m,0,0.0,2.958
52,roi_vaa8m,0,0.0,4.891
53,roi_vaa8m,0,0.0,3.919
54,roi_vaa8m,0,0.0,4.302
55,roi_vaa8m,0,0.0,3.198
56,roi_vaa8m,0,0.0,6.138
57,roi_vaa8m,0,0.0,4.88
58,roi_vaa8m,0,0.0,12.474
59,roi_vaa8m,0,0.0,5.566
60,roi_vaa8m,0,0.0,2.513
61,roi_vaa8m,0,0.0,1.811
62,roi_vaa8m,0,0.0,3.348
63,roi_vaa8m,0,0.0,3.298
64,roi_vaa8m,0,0.0,1.641
65,roi_vaa8m,0,0.0,2.911
66,roi_vaa8m,0,0.0,4.226
67,roi_vaa8m,0,0.0,4.23
68,roi_vaa8m,0,0.0,1.639
69,roi_vaa8m,0,0.0,2.084
70,roi_vaa8m,0,0.0,2.63
71,roi_vaa8m,0,0.0,5.361
72,roi_vaa8m,0,0.0,6.648
73,roi_vaa8m,0,0.0,1.867
74,roi_vaa8m,0,0.0,2.291
75,roi_vaa8m,0,0.0,4.935
76,roi_vaa8m,0,0.0,4.13
77,roi_vaa8m,0,0.0,1.57
78,roi_vaa8m,0,0.0,4.381
79,roi_vaa8m,0,0.0,3.004
80,roi_vaa8m,0,0.0,4.567
81,roi_vaa8m,0,0.0,2.457
82,roi_vaa8m,0,0.0,7.232
83,roi_vaa8m,0,0.0,1.999
84,roi_vaa8m,0,0.0,5.576
85,roi_vaa8m,0,0.0,2.882
86,roi_vaa8m,0,0.0,2.452
87,roi_vaa8m,0,0.0,4.674
88,roi_vaa8m,0,0.0,1.594
89,roi_vaa8m,0,0.0,6.263
90,roi_vaa8m,0,0.0,3.697
91,roi_vaa8m,0,0.0,1.973
92,roi_vaa8m,0,0.0,2.775
93,roi_vaa8m,0,0.0,2.521
94,roi_vaa8m,0,0.0,1.819
95,roi_vaa8m,0,0.0,7.365
96,roi_vaa8m,0,0.0,1.593
97,roi_vaa8m,0,0.0,3.841
98,roi_vaa8m,0,0.0,2.244
99,roi_vaa8m,0,0.0,5.013
100,roi_vaa8m,0,0.0,1.605
101,roi_vaa8m,0,0.0,5.288
102,roi_vaa8m,0,0.0,2.276
103,roi_vaa8m,0,0.0,3.813
104,roi_vaa8m,0,0.0,6.46
105,roi_vaa8m,0,0.0,2.777
106,roi_vaa8m,0,0.0,5.165
107,roi_vaa8m,0,0.0,2.329
108,roi_vaa8m,0,0.0,2.897
109,roi_vaa8m,0,0.0,1.555
110,roi_vaa8m,0,0.0,1.483
111,roi_vaa8m,0,0.0,3.654
112,roi_vaa8m,0,0.0,1.963
113,roi_vaa8m,0,0.0,1.427
114,roi_vaa8m,0,0.0,6.604
115,roi_vaa8m,0,0.0,7.335
116,roi_vaa8m,0,0.0,1.996
117,roi_vaa8m,0,0.0,2.881
118,roi_vaa8m,0,0.0,3.27
119,roi_vaa8m,0,0.0,1.811
120,roi_vaa8m,0,0.0,1.669
121,roi_vaa8m,0,0.0,2.045
122,roi_vaa8m,0,0.0,3.167
123,roi_vaa8m,0,0.0,1.587
124,roi_vaa8m,0,0.0,1.6
125,roi_vaa8m,0,0.0,1.897
126,roi_vaa8m,0,0.0,2.973
127,roi_vaa8m,0,0.0,2.283
128,roi_vaa8m,0,0.0,1.909
129,roi_vaa8m,0,0.0,2.066
0,roi_soimh,0,0.0,0.609
1,roi_soimh,0,0.0,5.744
2,roi_soimh,0,0.0,7.323
3,roi_soimh,0,0.0,2.704
4,roi_soimh,0,0.0,2.756
5,roi_soimh,0,0.0,7.111
6,roi_soimh,0,0.0,5.225
7,roi_soimh,0,0.0,3.157
8,roi_soimh,0,0.0,10.611
9,roi_soimh,0,0.0,35.252
10,roi_soimh,0,0.0,1.624
11,roi_soimh,0,0.0,28.508
12,roi_soimh,0,0.0,16.255
13,roi_soimh,0,0.0,1.143
14,roi_soimh,0,0.0,1.318
15,roi_soimh,0,0.0,1.37
16,roi_soimh,0,0.0,3.997
17,roi_soimh,0,0.0,1.629
18,roi_soimh,0,0.0,4.722
19,roi_soimh,0,0.0,4.172
20,roi_soimh,0,0.0,1.278
21,roi_soimh,0,0.0,5.857
22,roi_soimh,0,0.0,1.749
23,roi_soimh,0,0.0,1.4
24,roi_soimh,0,0.0,2.64
25,roi_soimh,0,0.0,1.507
26,roi_soimh,0,0.0,14.269
27,roi_soimh,0,0.0,4.042
28,roi_soimh,0,0.0,3.549
29,roi_soimh,0,0.0,1.763
30,roi_soimh,0,0.0,1.448
31,roi_soimh,0,0.0,1.389
32,roi_soimh,0,0.0,4.443
33,roi_soimh,0,0.0,8.308
34,roi_soimh,0,0.0,1.915
35,roi_soimh,0,0.0,5.314
36,roi_soimh,0,0.0,11.291
37,roi_soimh,0,0.0,7.938
38,roi_soimh,0,0.0,1.37
39,roi_soimh,0,0.0,2.861
40,roi_soimh,0,0.0,10.724
41,roi_soimh,0,0.0,2.3
42,roi_soimh,0,0.0,6.422
43,roi_soimh,0,0.0,8.913
44,roi_soimh,0,0.0,1.416
45,roi_soimh,0,0.0,3.09
46,roi_soimh,0,0.0,1.376
47,roi_soimh,0,0.0,8.55
48,roi_soimh,0,0.0,1.152
49,roi_soimh,0,0.0,12.332
50,roi_soimh,0,0.0,1.845
51,roi_soimh,0,0.0,6.193
52,roi_soimh,0,0.0,1.106
53,roi_soimh,0,0.0,1.782
54,roi_soimh,0,0.0,1.285
55,roi_soimh,0,0.0,1.328
56,roi_soimh,0,0.0,1.404
57,roi_soimh,0,0.0,3.499
58,roi_soimh,0,0.0,4.523
59,roi_soimh,0,0.0,2.62
60,roi_soimh,0,0.0,1.388
61,roi_soimh,0,0.0,1.254
62,roi_soimh,0,0.0,3.153
63,roi_soimh,0,0.0,1.993
64,roi_soimh,0,0.0,1.437
65,roi_soimh,0,0.0,2.679
66,roi_soimh,0,0.0,2.866
67,roi_soimh,0,0.0,3.259
68,roi_soimh,0,0.0,1.382
69,roi_soimh,0,0.0,1.343
70,roi_soimh,0,0.0,1.234
71,roi_soimh,0,0.0,1.61
72,roi_soimh,0,0.0,2.927
73,roi_soimh,0,0.0,1.938
74,roi_soimh,0,0.0,5.284
75,roi_soimh,0,0.0,1.338
76,roi_soimh,0,0.0,1.018
77,roi_soimh,0,0.0,3.378
78,roi_soimh,0,0.0,1.891
79,roi_soimh,0,0.0,1.423
80,roi_soimh,0,0.0,2.732
81,roi_soimh,0,0.0,1.079
82,roi_soimh,0,0.0,2.284
83,roi_soimh,0,0.0,1.319
84,roi_soimh,0,0.0,1.058
85,roi_soimh,0,0.0,5.375
86,roi_soimh,0,0.0,2.198
87,roi_soimh,0,0.0,3.127
88,roi_soimh,0,0.0,2.293
89,roi_soimh,0,0.0,3.936
90,roi_soimh,0,0.0,4.759
91,roi_soimh,0,0.0,3.806
92,roi_soimh,0,0.0,3.154
93,roi_soimh,0,0.0,4.552
94,roi_soimh,0,0.0,1.96
95,roi_soimh,0,0.0,1.378
96,roi_soimh,0,0.0,1.94
97,roi_soimh,0,0.0,1.234
98,roi_soimh,0,0.0,1.902
99,roi_soimh,0,0.0,3.214
100,roi_soimh,0,0.0,1.872
101,roi_soimh,0,0.0,1.66
102,roi_soimh,0,0.0,2.366
103,roi_soimh,0,0.0,1.034
104,roi_soimh,0,0.0,1.971
105,roi_soimh,0,0.0,3.179
106,roi_soimh,0,0.0,5.058
107,roi_soimh,0,0.0,1.517
108,roi_soimh,0,0.0,1.587
109,roi_soimh,0,0.0,1.073
110,roi_soimh,0,0.0,4.605
111,roi_soimh,0,0.0,2.577
112,roi_soimh,0,0.0,1.104
113,roi_soimh,0,0.0,1.919
114,roi_soimh,0,0.0,1.488
115,roi_soimh,0,0.0,6.627
116,roi_soimh,0,0.0,1.119
117,roi_soimh,0,0.0,1.026
118,roi_soimh,0,0.0,2.426
119,roi_soimh,0,0.0,4.118
120,roi_soimh,0,0.0,1.804
121,roi_soimh,0,0.0,1.281
122,roi_soimh,0,0.0,2.301
123,roi_soimh,0,0.0,3.274
124,roi_soimh,0,0.0,4.07
125,roi_soimh,0,0.0,1.201
126,roi_soimh,0,0.0,2.007
127,roi_soimh,0,0.0,2.584
128,roi_soimh,0,0.0,1.409
129,roi_soimh,0,0.0,2.523
130,roi_soimh,0,0.0,1.765
131,roi_soimh,0,0.0,7.623
132,roi_soimh,0,0.0,2.015
133,roi_soimh,0,0.0,2.678
134,roi_soimh,0,0.0,1.363
135,roi_soimh,0,0.0,1.324
136,roi_soimh,0,0.0,1.078
137,roi_soimh,0,0.0,1.483
138,roi_soimh,0,0.0,1.602
139,roi_soimh,0,0.0,3.163
140,roi_soimh,0,0.0,1.249
141,roi_soimh,0,0.0,1.689
142,roi_soimh,0,0.0,1.148
143,roi_soimh,0,0.0,1.196
144,roi_soimh,0,0.0,3.459
145,roi_soimh,0,0.0,1.683
146,roi_soimh,0,0.0,3.385
147,roi_soimh,0,0.0,2.372
148,roi_soimh,0,0.0,1.721
149,roi_soimh,0,0.0,1.392
150,roi_soimh,0,0.0,9.993
151,roi_soimh,0,0.0,1.388
152,roi_soimh,0,0.0,7.251
153,roi_soimh,0,0.0,1.493
154,roi_soimh,0,0.0,1.467
155,roi_soimh,0,0.0,2.762
156,roi_soimh,0,0.0,2.348
157,roi_soimh,0,0.0,3.495
158,roi_soimh,0,0.0,3.495
159,roi_soimh,0,0.0,3.0
160,roi_soimh,0,0.0,1.899
161,roi_soimh,0,0.0,1.343
162,roi_soimh,0,0.0,1.258
163,roi_soimh,0,0.0,4.238
164,roi_soimh,0,0.0,1.203
165,roi_soimh,0,0.0,4.932
166,roi_soimh,0,0.0,1.47
167,roi_soimh,0,0.0,1.533
168,roi_soimh,0,0.0,4.234
169,roi_soimh,0,0.0,1.456
170,roi_soimh,0,0.0,1.888
171,roi_soimh,0,0.0,1.373
172,roi_soimh,0,0.0,1.651
173,roi_soimh,0,0.0,1.39
174,roi_soimh,0,0.0,3.778
175,roi_soimh,0,0.0,4.122
176,roi_soimh,0,0.0,2.96
177,roi_soimh,0,0.0,1.376
178,roi_soimh,0,0.0,4.304
179,roi_soimh,0,0.0,3.484
180,roi_soimh,0,0.0,1.588
181,roi_soimh,0,0.0,1.306
182,roi_soimh,0,0.0,5.349
183,roi_soimh,0,0.0,1.359
184,roi_soimh,0,0.0,1.149
0,roi_vdhyi,0,0.0,6.602
1,roi_vdhyi,0,0.0,3.316
2,roi_vdhyi,0,0.0,2.894
3,roi_vdhyi,0,0.0,2.962
4,roi_vdhyi,0,0.0,2.488
5,roi_vdhyi,0,0.0,1.705
6,roi_vdhyi,0,0.0,1.546
7,roi_vdhyi,0,0.0,1.199
8,roi_vdhyi,0,0.0,1.469
9,roi_vdhyi,0,0.0,2.211
10,roi_vdhyi,0,0.0,1.606
11,roi_vdhyi,0,0.0,1.472
12,roi_vdhyi,0,0.0,1.514
13,roi_vdhyi,0,0.0,2.012
14,roi_vdhyi,0,0.0,1.388
15,roi_vdhyi,0,0.0,1.418
16,roi_vdhyi,0,0.0,1.545
17,roi_vdhyi,0,0.0,1.677
18,roi_vdhyi,0,0.0,1.378
19,roi_vdhyi,0,0.0,1.925
20,roi_vdhyi,0,0.0,1.158
21,roi_vdhyi,0,0.0,1.265
22,roi_vdhyi,0,0.0,1.404
23,roi_vdhyi,0,0.0,1.576
24,roi_vdhyi,0,0.0,1.899
25,roi_vdhyi,0,0.0,2.002
26,roi_vdhyi,0,0.0,1.46
27,roi_vdhyi,0,0.0,1.713
28,roi_vdhyi,0,0.0,1.584
29,roi_vdhyi,0,0.0,1.489
30,roi_vdhyi,0,0.0,2.706
31,roi_vdhyi,0,0.0,1.751
32,roi_vdhyi,0,0.0,2.078
33,roi_vdhyi,0,0.0,4.158
34,roi_vdhyi,0,0.0,1.691
35,roi_vdhyi,0,0.0,2.633
36,roi_vdhyi,0,0.0,1.39
37,roi_vdhyi,0,0.0,0.961
38,roi_vdhyi,0,0.0,1.894
39,roi_vdhyi,0,0.0,2.257
40,roi_vdhyi,0,0.0,1.881
41,roi_vdhyi,0,0.0,2.192
42,roi_vdhyi,0,0.0,3.177
43,roi_vdhyi,0,0.0,1.402
44,roi_vdhyi,0,0.0,2.162
45,roi_vdhyi,0,0.0,2.543
46,roi_vdhyi,0,0.0,1.656
47,roi_vdhyi,0,0.0,1.659
48,roi_vdhyi,0,0.0,1.647
49,roi_vdhyi,0,0.0,1.605
50,roi_vdhyi,0,0.0,1.375
51,roi_vdhyi,0,0.0,1.328
52,roi_vdhyi,0,0.0,1.649
53,roi_vdhyi,0,0.0,1.066
54,roi_vdhyi,0,0.0,1.743
55,roi_vdhyi,0,0.0,1.545
56,roi_vdhyi,0,0.0,1.378
57,roi_vdhyi,0,0.0,1.628
58,roi_vdhyi,0,0.0,1.798
59,roi_vdhyi,0,0.0,1.402
60,roi_vdhyi,0,0.0,2.29
61,roi_vdhyi,0,0.0,1.274
62,roi_vdhyi,0,0.0,1.67
63,roi_vdhyi,0,0.0,1.3
64,roi_vdhyi,0,0.0,1.336
65,roi_vdhyi,0,0.0,2.362
66,roi_vdhyi,0,0.0,1.104
67,roi_vdhyi,0,0.0,1.066
68,roi_vdhyi,0,0.0,1.42
69,roi_vdhyi,0,0.0,1.185
70,roi_vdhyi,0,0.0,1.168
71,roi_vdhyi,0,0.0,1.644
72,roi_vdhyi,0,0.0,1.212
73,roi_vdhyi,0,0.0,1.218
74,roi_vdhyi,0,0.0,1.749
75,roi_vdhyi,0,0.0,1.422
76,roi_vdhyi,0,0.0,1.577
77,roi_vdhyi,0,0.0,1.126
78,roi_vdhyi,0,0.0,1.358
79,roi_vdhyi,0,0.0,1.476
80,roi_vdhyi,0,0.0,1.825
81,roi_vdhyi,0,0.0,1.431
82,roi_vdhyi,0,0.0,1.258
83,roi_vdhyi,0,0.0,4.283
84,roi_vdhyi,0,0.0,1.323
85,roi_vdhyi,0,0.0,1.289
86,roi_vdhyi,0,0.0,3.104
87,roi_vdhyi,0,0.0,1.168
88,roi_vdhyi,0,0.0,1.934
89,roi_vdhyi,0,0.0,1.916
90,roi_vdhyi,0,0.0,4.441
91,roi_vdhyi,0,0.0,2.087
92,roi_vdhyi,1,0.39439,1.906
93,roi_vdhyi,0,0.0,1.366
94,roi_vdhyi,0,0.0,1.862
95,roi_vdhyi,0,0.0,2.067
96,roi_vdhyi,0,0.0,1.734
97,roi_vdhyi,0,0.0,1.222
98,roi_vdhyi,0,0.0,1.245
99,roi_vdhyi,0,0.0,1.602
100,roi_vdhyi,0,0.0,1.592
101,roi_vdhyi,0,0.0,2.606
102,roi_vdhyi,0,0.0,1.297
103,roi_vdhyi,0,0.0,1.901
104,roi_vdhyi,0,0.0,1.222
105,roi_vdhyi,0,0.0,1.478
106,roi_vdhyi,0,0.0,1.26
107,roi_vdhyi,0,0.0,1.032
108,roi_vdhyi,0,0.0,1.072
109,roi_vdhyi,0,0.0,1.589
110,roi_vdhyi,0,0.0,2.638
111,roi_vdhyi,0,0.0,2.043
112,roi_vdhyi,0,0.0,1.37
113,roi_vdhyi,0,0.0,1.7
114,roi_vdhyi,0,0.0,1.416
115,roi_vdhyi,0,0.0,1.833
116,roi_vdhyi,0,0.0,1.65
117,roi_vdhyi,0,0.0,1.286
118,roi_vdhyi,0,0.0,1.384
119,roi_vdhyi,0,0.0,1.338
120,roi_vdhyi,0,0.0,2.229
121,roi_vdhyi,0,0.0,1.411
122,roi_vdhyi,0,0.0,1.598
123,roi_vdhyi,0,0.0,1.884
124,roi_vdhyi,0,0.0,2.541
125,roi_vdhyi,0,0.0,1.753
126,roi_vdhyi,0,0.0,2.461
127,roi_vdhyi,0,0.0,1.585
128,roi_vdhyi,0,0.0,2.516
129,roi_vdhyi,0,0.0,1.309
130,roi_vdhyi,0,0.0,5.779
131,roi_vdhyi,0,0.0,4.438
132,roi_vdhyi,0,0.0,1.436
133,roi_vdhyi,0,0.0,1.14
134,roi_vdhyi,0,0.0,1.554
135,roi_vdhyi,0,0.0,1.278
136,roi_vdhyi,0,0.0,1.854
137,roi_vdhyi,0,0.0,1.072
138,roi_vdhyi,0,0.0,2.895
139,roi_vdhyi,0,0.0,1.393
140,roi_vdhyi,0,0.0,1.705
141,roi_vdhyi,0,0.0,1.014
142,roi_vdhyi,0,0.0,1.13
143,roi_vdhyi,0,0.0,0.761
144,roi_vdhyi,0,0.0,1.114
145,roi_vdhyi,0,0.0,1.313
146,roi_vdhyi,0,0.0,1.035
147,roi_vdhyi,0,0.0,0.802
148,roi_vdhyi,0,0.0,0.856
149,roi_vdhyi,0,0.0,1.018
150,roi_vdhyi,0,0.0,1.173
151,roi_vdhyi,0,0.0,0.801
152,roi_vdhyi,0,0.0,0.682
153,roi_vdhyi,0,0.0,0.728
154,roi_vdhyi,0,0.0,1.296
155,roi_vdhyi,0,0.0,1.101
156,roi_vdhyi,0,0.0,0.926
157,roi_vdhyi,0,0.0,0.763
158,roi_vdhyi,0,0.0,1.092
159,roi_vdhyi,0,0.0,1.491
160,roi_vdhyi,0,0.0,0.999
161,roi_vdhyi,0,0.0,0.705
162,roi_vdhyi,0,0.0,1.702
163,roi_vdhyi,0,0.0,1.153
164,roi_vdhyi,0,0.0,1.02
165,roi_vdhyi,0,0.0,0.8
166,roi_vdhyi,0,0.0,1.019
167,roi_vdhyi,0,0.0,0.727
168,roi_vdhyi,0,0.0,0.737
169,roi_vdhyi,0,0.0,0.727
170,roi_vdhyi,0,0.0,1.65
171,roi_vdhyi,0,0.0,0.689
172,roi_vdhyi,0,0.0,1.066
173,roi_vdhyi,0,0.0,0.607
174,roi_vdhyi,0,0.0,0.608
175,roi_vdhyi,0,0.0,0.679
176,roi_vdhyi,0,0.0,1.222
177,roi_vdhyi,0,0.0,1.621
178,roi_vdhyi,0,0.0,1.146
179,roi_vdhyi,0,0.0,0.76
180,roi_vdhyi,0,0.0,0.902
181,roi_vdhyi,0,0.0,0.979
182,roi_vdhyi,0,0.0,2.88
183,roi_vdhyi,0,0.0,0.698
184,roi_vdhyi,0,0.0,0.848
185,roi_vdhyi,0,0.0,0.94
186,roi_vdhyi,0,0.0,1.427
187,roi_vdhyi,0,0.0,0.633
188,roi_vdhyi,0,0.0,1.606
189,roi_vdhyi,0,0.0,0.649
190,roi_vdhyi,0,0.0,0.781
191,roi_vdhyi,0,0.0,0.999
192,roi_vdhyi,0,0.0,0.861
193,roi_vdhyi,0,0.0,0.65
194,roi_vdhyi,0,0.0,0.848
195,roi_vdhyi,0,0.0,0.858
196,roi_vdhyi,0,0.0,0.623
197,roi_vdhyi,0,0.0,1.281
198,roi_vdhyi,0,0.0,0.869
199,roi_vdhyi,0,0.0,1.376
200,roi_vdhyi,0,0.0,1.014
201,roi_vdhyi,0,0.0,0.742
202,roi_vdhyi,0,0.0,0.763
203,roi_vdhyi,0,0.0,0.777
204,roi_vdhyi,0,0.0,0.791
205,roi_vdhyi,0,0.0,0.745
206,roi_vdhyi,0,0.0,0.765
207,roi_vdhyi,0,0.0,0.739
208,roi_vdhyi,0,0.0,0.749
209,roi_vdhyi,0,0.0,0.75
210,roi_vdhyi,0,0.0,0.694
211,roi_vdhyi,0,0.0,1.317
212,roi_vdhyi,0,0.0,1.209
213,roi_vdhyi,0,0.0,0.672
214,roi_vdhyi,0,0.0,1.625
215,roi_vdhyi,0,0.0,0.877
216,roi_vdhyi,0,0.0,0.725
217,roi_vdhyi,0,0.0,1.205
218,roi_vdhyi,0,0.0,1.088
219,roi_vdhyi,0,0.0,1.192
220,roi_vdhyi,0,0.0,1.68
221,roi_vdhyi,0,0.0,1.285
222,roi_vdhyi,0,0.0,1.143
223,roi_vdhyi,0,0.0,0.69
224,roi_vdhyi,0,0.0,0.725
225,roi_vdhyi,0,0.0,0.676
226,roi_vdhyi,0,0.0,0.603
227,roi_vdhyi,0,0.0,0.729
228,roi_vdhyi,0,0.0,0.644
229,roi_vdhyi,0,0.0,0.697
230,roi_vdhyi,0,0.0,0.933
231,roi_vdhyi,0,0.0,0.741
232,roi_vdhyi,0,0.0,1.157
233,roi_vdhyi,0,0.0,0.802
234,roi_vdhyi,0,0.0,1.435
235,roi_vdhyi,0,0.0,0.778
236,roi_vdhyi,0,0.0,0.588
237,roi_vdhyi,0,0.0,0.865
238,roi_vdhyi,0,0.0,1.355
239,roi_vdhyi,0,0.0,1.351
240,roi_vdhyi,0,0.0,0.94
0,roi_cfnoj,0,0.0,2.881
1,roi_cfnoj,0,0.0,1.695
2,roi_cfnoj,0,0.0,1.807
3,roi_cfnoj,0,0.0,2.194
4,roi_cfnoj,0,0.0,2.073
5,roi_cfnoj,0,0.0,2.258
6,roi_cfnoj,0,0.0,1.568
7,roi_cfnoj,0,0.0,1.811
8,roi_cfnoj,0,0.0,1.338
9,roi_cfnoj,0,0.0,1.641
10,roi_cfnoj,0,0.0,3.831
11,roi_cfnoj,0,0.0,2.046
12,roi_cfnoj,0,0.0,1.154
13,roi_cfnoj,0,0.0,1.864
14,roi_cfnoj,0,0.0,2.948
15,roi_cfnoj,0,0.0,1.836
16,roi_cfnoj,0,0.0,1.829
17,roi_cfnoj,0,0.0,1.629
18,roi_cfnoj,0,0.0,1.895
19,roi_cfnoj,0,0.0,1.471
20,roi_cfnoj,0,0.0,1.755
21,roi_cfnoj,0,0.0,1.875
22,roi_cfnoj,0,0.0,1.624
23,roi_cfnoj,0,0.0,1.526
24,roi_cfnoj,0,0.0,1.855
25,roi_cfnoj,0,0.0,1.679
26,roi_cfnoj,0,0.0,1.977
27,roi_cfnoj,0,0.0,1.852
28,roi_cfnoj,0,0.0,2.373
29,roi_cfnoj,0,0.0,1.886
30,roi_cfnoj,0,0.0,2.282
31,roi_cfnoj,0,0.0,3.504
32,roi_cfnoj,0,0.0,1.935
33,roi_cfnoj,0,0.0,1.627
34,roi_cfnoj,0,0.0,3.641
35,roi_cfnoj,0,0.0,2.17
36,roi_cfnoj,0,0.0,3.259
37,roi_cfnoj,0,0.0,3.223
38,roi_cfnoj,0,0.0,1.719
39,roi_cfnoj,0,0.0,1.504
40,roi_cfnoj,0,0.0,1.791
41,roi_cfnoj,0,0.0,1.384
42,roi_cfnoj,0,0.0,1.987
43,roi_cfnoj,0,0.0,1.791
44,roi_cfnoj,0,0.0,2.232
45,roi_cfnoj,0,0.0,1.759
46,roi_cfnoj,0,0.0,1.594
47,roi_cfnoj,0,0.0,1.8
48,roi_cfnoj,0,0.0,4.674
49,roi_cfnoj,0,0.0,1.347
50,roi_cfnoj,0,0.0,1.356
51,roi_cfnoj,0,0.0,2.031
52,roi_cfnoj,0,0.0,1.612
53,roi_cfnoj,0,0.0,1.815
54,roi_cfnoj,0,0.0,2.078
55,roi_cfnoj,0,0.0,1.653
56,roi_cfnoj,0,0.0,1.587
57,roi_cfnoj,0,0.0,9.243
58,roi_cfnoj,0,0.0,3.774
59,roi_cfnoj,0,0.0,4.618
60,roi_cfnoj,0,0.0,1.394
61,roi_cfnoj,0,0.0,4.359
62,roi_cfnoj,0,0.0,2.218
63,roi_cfnoj,0,0.0,2.142
64,roi_cfnoj,0,0.0,2.216
65,roi_cfnoj,0,0.0,1.411
66,roi_cfnoj,0,0.0,1.724
67,roi_cfnoj,0,0.0,1.429
68,roi_cfnoj,0,0.0,1.524
69,roi_cfnoj,0,0.0,2.856
70,roi_cfnoj,0,0.0,2.264
71,roi_cfnoj,0,0.0,3.959
72,roi_cfnoj,0,0.0,1.804
73,roi_cfnoj,0,0.0,4.332
74,roi_cfnoj,0,0.0,2.162
75,roi_cfnoj,0,0.0,1.435
76,roi_cfnoj,0,0.0,2.878
77,roi_cfnoj,0,0.0,1.804
78,roi_cfnoj,0,0.0,5.501
79,roi_cfnoj,0,0.0,2.361
80,roi_cfnoj,0,0.0,1.708
81,roi_cfnoj,0,0.0,1.82
82,roi_cfnoj,0,0.0,2.794
83,roi_cfnoj,0,0.0,3.43
84,roi_cfnoj,0,0.0,1.358
85,roi_cfnoj,0,0.0,2.991
86,roi_cfnoj,0,0.0,4.5
87,roi_cfnoj,0,0.0,4.014
88,roi_cfnoj,0,0.0,2.829
89,roi_cfnoj,0,0.0,2.765
90,roi_cfnoj,0,0.0,1.499
91,roi_cfnoj,0,0.0,3.749
92,roi_cfnoj,0,0.0,2.013
93,roi_cfnoj,0,0.0,2.72
94,roi_cfnoj,0,0.0,2.454
95,roi_cfnoj,0,0.0,2.38
96,roi_cfnoj,0,0.0,2.092
97,roi_cfnoj,0,0.0,2.746
98,roi_cfnoj,0,0.0,3.141
99,roi_cfnoj,0,0.0,1.829
100,roi_cfnoj,0,0.0,2.209
101,roi_cfnoj,0,0.0,1.77
102,roi_cfnoj,0,0.0,1.529
103,roi_cfnoj,0,0.0,2.264
104,roi_cfnoj,0,0.0,1.982
105,roi_cfnoj,0,0.0,2.015
106,roi_cfnoj,0,0.0,2.262
107,roi_cfnoj,0,0.0,2.389
108,roi_cfnoj,0,0.0,4.627
109,roi_cfnoj,0,0.0,9.361
110,roi_cfnoj,0,0.0,3.241
111,roi_cfnoj,0,0.0,6.532
112,roi_cfnoj,0,0.0,7.177
113,roi_cfnoj,0,0.0,6.082
114,roi_cfnoj,0,0.0,6.737
115,roi_cfnoj,0,0.0,3.419
116,roi_cfnoj,0,0.0,2.287
117,roi_cfnoj,0,0.0,1.278
118,roi_cfnoj,0,0.0,2.136
119,roi_cfnoj,0,0.0,3.371
120,roi_cfnoj,0,0.0,2.304
121,roi_cfnoj,0,0.0,3.443
122,roi_cfnoj,0,0.0,15.705
123,roi_cfnoj,0,0.0,21.676
124,roi_cfnoj,0,0.0,15.526
125,roi_cfnoj,0,0.0,19.204
126,roi_cfnoj,0,0.0,4.032
127,roi_cfnoj,0,0.0,4.593
128,roi_cfnoj,0,0.0,5.801
129,roi_cfnoj,0,0.0,5.51
130,roi_cfnoj,0,0.0,10.034
131,roi_cfnoj,0,0.0,2.308
132,roi_cfnoj,0,0.0,10.3
133,roi_cfnoj,0,0.0,5.657
134,roi_cfnoj,0,0.0,4.025
135,roi_cfnoj,0,0.0,3.395
136,roi_cfnoj,0,0.0,1.349
137,roi_cfnoj,0,0.0,3.736
138,roi_cfnoj,0,0.0,4.313
139,roi_cfnoj,0,0.0,2.589
140,roi_cfnoj,0,0.0,2.268
141,roi_cfnoj,0,0.0,1.828
142,roi_cfnoj,0,0.0,1.549
143,roi_cfnoj,0,0.0,6.414
144,roi_cfnoj,0,0.0,7.244
145,roi_cfnoj,0,0.0,1.441
146,roi_cfnoj,0,0.0,3.549
147,roi_cfnoj,0,0.0,2.695
148,roi_cfnoj,0,0.0,2.688
149,roi_cfnoj,0,0.0,5.976
150,roi_cfnoj,0,0.0,3.957
151,roi_cfnoj,0,0.0,2.84
152,roi_cfnoj,0,0.0,4.923
153,roi_cfnoj,0,0.0,1.648
154,roi_cfnoj,0,0.0,1.949
155,roi_cfnoj,0,0.0,7.199
156,roi_cfnoj,0,0.0,3.43
157,roi_cfnoj,0,0.0,3.601
158,roi_cfnoj,0,0.0,4.526
159,roi_cfnoj,0,0.0,5.942
160,roi_cfnoj,0,0.0,5.522
161,roi_cfnoj,0,0.0,4.29
162,roi_cfnoj,0,0.0,3.392
163,roi_cfnoj,0,0.0,2.671
164,roi_cfnoj,0,0.0,3.925
165,roi_cfnoj,0,0.0,3.757
166,roi_cfnoj,0,0.0,3.115
167,roi_cfnoj,0,0.0,3.736
168,roi_cfnoj,0,0.0,2.68
169,roi_cfnoj,0,0.0,3.515
170,roi_cfnoj,0,0.0,6.674
171,roi_cfnoj,0,0.0,2.075
172,roi_cfnoj,0,0.0,3.605
173,roi_cfnoj,0,0.0,10.349
174,roi_cfnoj,0,0.0,1.743
175,roi_cfnoj,0,0.0,3.577
176,roi_cfnoj,0,0.0,5.114
177,roi_cfnoj,0,0.0,7.269
178,roi_cfnoj,0,0.0,4.393
179,roi_cfnoj,0,0.0,3.622
180,roi_cfnoj,0,0.0,8.883
181,roi_cfnoj,0,0.0,4.421
182,roi_cfnoj,0,0.0,1.84
183,roi_cfnoj,0,0.0,2.899
184,roi_cfnoj,0,0.0,3.251
185,roi_cfnoj,0,0.0,2.585
186,roi_cfnoj,0,0.0,6.597
187,roi_cfnoj,0,0.0,2.452
188,roi_cfnoj,0,0.0,4.82
189,roi_cfnoj,0,0.0,1.836
190,roi_cfnoj,0,0.0,3.016
191,roi_cfnoj,0,0.0,3.493
192,roi_cfnoj,0,0.0,1.916
193,roi_cfnoj,0,0.0,5.167
194,roi_cfnoj,0,0.0,2.63
195,roi_cfnoj,0,0.0,6.789
196,roi_cfnoj,0,0.0,1.862
197,roi_cfnoj,0,0.0,3.115
198,roi_cfnoj,0,0.0,3.201
199,roi_cfnoj,0,0.0,4.07
200,roi_cfnoj,0,0.0,2.122
201,roi_cfnoj,0,0.0,2.602
202,roi_cfnoj,0,0.0,3.961
203,roi_cfnoj,0,0.0,2.198
204,roi_cfnoj,0,0.0,1.839
205,roi_cfnoj,0,0.0,3.568
206,roi_cfnoj,0,0.0,4.706
207,roi_cfnoj,0,0.0,3.333
208,roi_cfnoj,0,0.0,1.568
209,roi_cfnoj,0,0.0,1.675
210,roi_cfnoj,0,0.0,4.058
211,roi_cfnoj,0,0.0,1.53
212,roi_cfnoj,0,0.0,1.772
213,roi_cfnoj,0,0.0,5.003
214,roi_cfnoj,0,0.0,6.94
215,roi_cfnoj,0,0.0,1.844
216,roi_cfnoj,0,0.0,1.257
217,roi_cfnoj,0,0.0,2.683
218,roi_cfnoj,0,0.0,3.866
219,roi_cfnoj,0,0.0,6.242
220,roi_cfnoj,0,0.0,1.56
221,roi_cfnoj,0,0.0,1.699
222,roi_cfnoj,0,0.0,2.652
223,roi_cfnoj,0,0.0,3.175
0,roi_w04j0,0,0.0,0.993
1,roi_w04j0,0,0.0,10.853
2,roi_w04j0,0,0.0,7.11
3,roi_w04j0,0,0.0,1.979
4,roi_w04j0,0,0.0,6.362
5,roi_w04j0,0,0.0,3.053
6,roi_w04j0,0,0.0,1.851
7,roi_w04j0,0,0.0,2.248
8,roi_w04j0,0,0.0,4.065
9,roi_w04j0,0,0.0,1.473
10,roi_w04j0,0,0.0,2.438
11,roi_w04j0,0,0.0,2.988
12,roi_w04j0,0,0.0,1.848
13,roi_w04j0,0,0.0,2.099
14,roi_w04j0,0,0.0,1.89
15,roi_w04j0,0,0.0,1.802
16,roi_w04j0,0,0.0,3.516
17,roi_w04j0,0,0.0,3.68
18,roi_w04j0,0,0.0,2.455
19,roi_w04j0,0,0.0,2.386
20,roi_w04j0,0,0.0,1.667
21,roi_w04j0,0,0.0,1.859
22,roi_w04j0,0,0.0,1.942
23,roi_w04j0,0,0.0,2.034
24,roi_w04j0,0,0.0,2.313
25,roi_w04j0,0,0.0,2.432
26,roi_w04j0,0,0.0,2.813
27,roi_w04j0,0,0.0,3.618
28,roi_w04j0,0,0.0,2.893
29,roi_w04j0,0,0.0,3.195
30,roi_w04j0,0,0.0,2.41
31,roi_w04j0,0,0.0,5.451
32,roi_w04j0,0,0.0,3.264
33,roi_w04j0,0,0.0,3.281
34,roi_w04j0,0,0.0,1.347
35,roi_w04j0,0,0.0,1.348
36,roi_w04j0,0,0.0,2.413
37,roi_w04j0,0,0.0,4.203
38,roi_w04j0,0,0.0,4.532
39,roi_w04j0,0,0.0,2.366
40,roi_w04j0,0,0.0,2.242
41,roi_w04j0,0,0.0,4.013
42,roi_w04j0,0,0.0,1.78
43,roi_w04j0,0,0.0,1.614
44,roi_w04j0,0,0.0,3.32
45,roi_w04j0,0,0.0,1.963
46,roi_w04j0,0,0.0,2.177
47,roi_w04j0,0,0.0,1.424
48,roi_w04j0,0,0.0,1.488
49,roi_w04j0,0,0.0,1.882
50,roi_w04j0,0,0.0,3.965
51,roi_w04j0,0,0.0,4.098
52,roi_w04j0,0,0.0,3.034
53,roi_w04j0,0,0.0,2.489
54,roi_w04j0,0,0.0,2.554
55,roi_w04j0,0,0.0,2.237
56,roi_w04j0,0,0.0,1.214
57,roi_w04j0,0,0.0,1.561
58,roi_w04j0,0,0.0,2.571
59,roi_w04j0,0,0.0,2.053
60,roi_w04j0,0,0.0,3.685
61,roi_w04j0,0,0.0,2.435
62,roi_w04j0,0,0.0,1.741
63,roi_w04j0,0,0.0,5.681
64,roi_w04j0,0,0.0,2.627
65,roi_w04j0,0,0.0,1.642
66,roi_w04j0,0,0.0,2.876
67,roi_w04j0,0,0.0,3.165
68,roi_w04j0,0,0.0,3.033
69,roi_w04j0,0,0.0,3.673
70,roi_w04j0,0,0.0,1.61
71,roi_w04j0,0,0.0,2.077
72,roi_w04j0,0,0.0,3.79
73,roi_w04j0,0,0.0,2.562
74,roi_w04j0,0,0.0,1.575
75,roi_w04j0,0,0.0,2.609
76,roi_w04j0,0,0.0,2.113
77,roi_w04j0,0,0.0,2.035
78,roi_w04j0,0,0.0,1.758
79,roi_w04j0,0,0.0,4.156
80,roi_w04j0,0,0.0,1.919
81,roi_w04j0,0,0.0,3.379
82,roi_w04j0,0,0.0,2.92
83,roi_w04j0,0,0.0,3.87
84,roi_w04j0,0,0.0,3.763
85,roi_w04j0,0,0.0,3.833
86,roi_w04j0,0,0.0,2.739
87,roi_w04j0,0,0.0,1.674
88,roi_w04j0,0,0.0,5.844
89,roi_w04j0,0,0.0,2.088
90,roi_w04j0,0,0.0,2.1
91,roi_w04j0,1,0.06922,2.546
92,roi_w04j0,1,0.10517,7.278
93,roi_w04j0,1,0.10882,2.507
94,roi_w04j0,1,0.10292,6.928
95,roi_w04j0,1,0.10338,1.796
96,roi_w04j0,1,0.10196,5.512
97,roi_w04j0,1,0.10172,3.166
98,roi_w04j0,1,0.10153,5.488
99,roi_w04j0,1,0.1018,4.23
100,roi_w04j0,1,0.10061,2.948
101,roi_w04j0,1,0.10044,5.023
102,roi_w04j0,1,0.09834,2.806
103,roi_w04j0,1,0.08233,9.741
104,roi_w04j0,1,0.06612,2.46
105,roi_w04j0,1,0.06112,2.458
106,roi_w04j0,1,0.05034,2.373
107,roi_w04j0,1,0.03852,2.554
108,roi_w04j0,1,0.02137,2.539
109,roi_w04j0,1,0.01181,2.783
110,roi_w04j0,1,0.00486,2.351
111,roi_w04j0,1,0.00203,1.626
112,roi_w04j0,0,0.0,3.644
113,roi_w04j0,0,0.0,4.915
114,roi_w04j0,0,0.0,1.616
115,roi_w04j0,0,0.0,5.621
116,roi_w04j0,0,0.0,3.559
117,roi_w04j0,0,0.0,1.763
118,roi_w04j0,0,0.0,3.302
119,roi_w04j0,0,0.0,3.028
120,roi_w04j0,0,0.0,5.453
121,roi_w04j0,0,0.0,2.331
122,roi_w04j0,0,0.0,7.636
123,roi_w04j0,0,0.0,2.952
124,roi_w04j0,0,0.0,2.195
125,roi_w04j0,0,0.0,5.284
126,roi_w04j0,0,0.0,3.515
127,roi_w04j0,0,0.0,5.585
128,roi_w04j0,0,0.0,2.304
129,roi_w04j0,0,0.0,1.572
130,roi_w04j0,0,0.0,3.357
131,roi_w04j0,0,0.0,1.822
132,roi_w04j0,0,0.0,2.862
133,roi_w04j0,0,0.0,1.949
134,roi_w04j0,0,0.0,2.025
135,roi_w04j0,0,0.0,1.979
136,roi_w04j0,0,0.0,5.54
137,roi_w04j0,0,0.0,1.496
138,roi_w04j0,0,0.0,2.472
139,roi_w04j0,0,0.0,1.498
140,roi_w04j0,0,0.0,2.734
141,roi_w04j0,0,0.0,2.819
142,roi_w04j0,0,0.0,3.571
143,roi_w04j0,0,0.0,2.582
144,roi_w04j0,1,0.006,3.412
145,roi_w04j0,0,0.0,3.053
146,roi_w04j0,0,0.0,1.813
147,roi_w04j0,0,0.0,1.364
148,roi_w04j0,0,0.0,1.526
149,roi_w04j0,0,0.0,1.988
150,roi_w04j0,1,0.05847,5.33
151,roi_w04j0,1,0.22425,11.444
152,roi_w04j0,1,0.18566,6.881
153,roi_w04j0,1,0.228,5.653
154,roi_w04j0,1,0.23153,3.192
155,roi_w04j0,1,0.23825,5.626
156,roi_w04j0,1,0.15421,7.682
157,roi_w04j0,1,0.15542,2.182
158,roi_w04j0,1,0.16263,1.593
159,roi_w04j0,1,0.19916,4.545
160,roi_w04j0,1,0.19641,2.933
161,roi_w04j0,1,0.19058,3.388
162,roi_w04j0,1,0.1864,2.354
163,roi_w04j0,1,0.18,3.42
164,roi_w04j0,1,0.17133,1.821
165,roi_w04j0,1,0.16474,3.828
166,roi_w04j0,1,0.1613,1.696
167,roi_w04j0,1,0.15345,2.667
168,roi_w04j0,1,0.14765,10.885
169,roi_w04j0,1,0.14165,2.251
170,roi_w04j0,1,0.13369,3.304
171,roi_w04j0,1,0.13272,3.043
172,roi_w04j0,1,0.17347,2.342
173,roi_w04j0,1,0.18706,2.339
174,roi_w04j0,1,0.18943,3.047
175,roi_w04j0,1,0.18704,2.45
176,roi_w04j0,1,0.1876,2.886
177,roi_w04j0,1,0.1099,1.756
178,roi_w04j0,1,0.11175,2.964
179,roi_w04j0,1,0.10042,6.34
180,roi_w04j0,1,0.09701,6.986
181,roi_w04j0,1,0.09853,2.654
182,roi_w04j0,1,0.09686,2.355
183,roi_w04j0,1,0.09178,1.78
0,roi_l2h8c,0,0.0,1.095
1,roi_l2h8c,0,0.0,4.745
2,roi_l2h8c,0,0.0,7.211
3,roi_l2h8c,0,0.0,1.221
4,roi_l2h8c,0,0.0,1.386
5,roi_l2h8c,0,0.0,7.982
6,roi_l2h8c,0,0.0,3.943
7,roi_l2h8c,0,0.0,1.434
8,roi_l2h8c,0,0.0,1.364
9,roi_l2h8c,0,0.0,2.098
10,roi_l2h8c,0,0.0,1.429
11,roi_l2h8c,0,0.0,1.816
12,roi_l2h8c,0,0.0,2.048
13,roi_l2h8c,0,0.0,1.755
14,roi_l2h8c,0,0.0,2.289
15,roi_l2h8c,0,0.0,1.164
16,roi_l2h8c,0,0.0,1.434
17,roi_l2h8c,0,0.0,3.939
18,roi_l2h8c,0,0.0,1.836
19,roi_l2h8c,0,0.0,1.25
20,roi_l2h8c,0,0.0,1.475
21,roi_l2h8c,0,0.0,2.382
22,roi_l2h8c,0,0.0,0.995
23,roi_l2h8c,0,0.0,1.417
24,roi_l2h8c,0,0.0,1.585
25,roi_l2h8c,0,0.0,4.656
26,roi_l2h8c,0,0.0,1.228
27,roi_l2h8c,0,0.0,1.832
28,roi_l2h8c,0,0.0,10.474
29,roi_l2h8c,0,0.0,3.764
30,roi_l2h8c,0,0.0,3.125
31,roi_l2h8c,0,0.0,1.607
32,roi_l2h8c,0,0.0,4.323
33,roi_l2h8c,0,0.0,1.243
34,roi_l2h8c,0,0.0,1.243
35,roi_l2h8c,0,0.0,7.203
36,roi_l2h8c,0,0.0,1.311
37,roi_l2h8c,0,0.0,7.615
38,roi_l2h8c,0,0.0,4.708
39,roi_l2h8c,0,0.0,1.381
40,roi_l2h8c,0,0.0,8.716
41,roi_l2h8c,0,0.0,2.683
42,roi_l2h8c,0,0.0,4.505
43,roi_l2h8c,0,0.0,8.409
44,roi_l2h8c,0,0.0,1.274
45,roi_l2h8c,0,0.0,4.914
46,roi_l2h8c,0,0.0,4.886
47,roi_l2h8c,0,0.0,6.043
48,roi_l2h8c,0,0.0,4.007
49,roi_l2h8c,0,0.0,1.297
50,roi_l2h8c,0,0.0,1.928
51,roi_l2h8c,0,0.0,11.083
52,roi_l2h8c,0,0.0,1.235
53,roi_l2h8c,0,0.0,1.88
54,roi_l2h8c,0,0.0,12.475
55,roi_l2h8c,0,0.0,4.09
56,roi_l2h8c,0,0.0,1.746
57,roi_l2h8c,0,0.0,2.13
58,roi_l2h8c,0,0.0,9.439
59,roi_l2h8c,0,0.0,4.262
60,roi_l2h8c,0,0.0,1.402
61,roi_l2h8c,0,0.0,6.972
62,roi_l2h8c,0,0.0,1.193
63,roi_l2h8c,0,0.0,1.138
64,roi_l2h8c,0,0.0,1.171
65,roi_l2h8c,0,0.0,1.298
66,roi_l2h8c,0,0.0,5.355
67,roi_l2h8c,0,0.0,1.623
68,roi_l2h8c,0,0.0,3.009
69,roi_l2h8c,0,0.0,2.169
70,roi_l2h8c,0,0.0,3.785
71,roi_l2h8c,0,0.0,3.317
72,roi_l2h8c,0,0.0,1.126
73,roi_l2h8c,0,0.0,2.642
74,roi_l2h8c,0,0.0,5.235
75,roi_l2h8c,0,0.0,2.626
76,roi_l2h8c,0,0.0,3.345
77,roi_l2h8c,0,0.0,4.562
78,roi_l2h8c,0,0.0,3.396
79,roi_l2h8c,0,0.0,1.19
80,roi_l2h8c,0,0.0,1.013
81,roi_l2h8c,0,0.0,1.306
82,roi_l2h8c,0,0.0,3.231
83,roi_l2h8c,0,0.0,1.841
84,roi_l2h8c,0,0.0,1.191
85,roi_l2h8c,0,0.0,1.121
86,roi_l2h8c,0,0.0,1.544
87,roi_l2h8c,0,0.0,3.701
88,roi_l2h8c,0,0.0,4.05
89,roi_l2h8c,0,0.0,0.942
90,roi_l2h8c,0,0.0,3.504
91,roi_l2h8c,0,0.0,5.219
92,roi_l2h8c,0,0.0,1.075
93,roi_l2h8c,0,0.0,1.088
94,roi_l2h8c,0,0.0,1.418
95,roi_l2h8c,0,0.0,1.551
96,roi_l2h8c,0,0.0,3.841
97,roi_l2h8c,0,0.0,2.561
98,roi_l2h8c,0,0.0,3.299
99,roi_l2h8c,0,0.0,0.78
100,roi_l2h8c,0,0.0,1.123
101,roi_l2h8c,0,0.0,2.033
102,roi_l2h8c,0,0.0,3.017
103,roi_l2h8c,0,0.0,1.207
104,roi_l2h8c,0,0.0,3.042
105,roi_l2h8c,0,0.0,1.408
106,roi_l2h8c,0,0.0,3.639
107,roi_l2h8c,0,0.0,4.57
108,roi_l2h8c,0,0.0,3.883
109,roi_l2h8c,0,0.0,1.609
110,roi_l2h8c,0,0.0,3.883
111,roi_l2h8c,0,0.0,1.981
112,roi_l2h8c,0,0.0,1.069
113,roi_l2h8c,0,0.0,4.212
114,roi_l2h8c,0,0.0,3.511
115,roi_l2h8c,0,0.0,1.613
116,roi_l2h8c,0,0.0,0.822
117,roi_l2h8c,0,0.0,1.448
118,roi_l2h8c,0,0.0,3.367
119,roi_l2h8c,0,0.0,1.264
120,roi_l2h8c,0,0.0,3.036
121,roi_l2h8c,0,0.0,4.876
122,roi_l2h8c,0,0.0,4.48
123,roi_l2h8c,0,0.0,0.927
124,roi_l2h8c,0,0.0,1.258
125,roi_l2h8c,0,0.0,2.103
126,roi_l2h8c,1,0.03524,6.027
127,roi_l2h8c,1,0.03369,2.525
128,roi_l2h8c,1,0.02841,2.459
129,roi_l2h8c,1,0.02783,1.101
130,roi_l2h8c,1,0.02754,2.032
131,roi_l2h8c,1,0.02752,1.446
132,roi_l2h8c,1,0.02749,2.077
133,roi_l2h8c,1,0.02734,1.383
134,roi_l2h8c,1,0.02418,1.457
135,roi_l2h8c,1,0.01885,2.479
136,roi_l2h8c,1,0.01872,3.548
137,roi_l2h8c,1,0.01818,1.395
138,roi_l2h8c,1,0.01819,1.335
139,roi_l2h8c,1,0.01809,4.31
140,roi_l2h8c,1,0.01803,1.47
141,roi_l2h8c,1,0.01802,4.188
142,roi_l2h8c,1,0.01794,1.696
143,roi_l2h8c,1,0.01797,2.066
144,roi_l2h8c,1,0.0179,2.919
145,roi_l2h8c,1,0.01764,1.045
146,roi_l2h8c,1,0.01758,4.43
147,roi_l2h8c,1,0.01738,1.402
148,roi_l2h8c,1,0.01742,1.528
149,roi_l2h8c,1,0.01737,1.539
150,roi_l2h8c,1,0.01711,3.395
151,roi_l2h8c,1,0.01637,3.301
152,roi_l2h8c,1,0.0157,1.345
153,roi_l2h8c,1,0.01414,2.813
154,roi_l2h8c,1,0.00532,3.353
155,roi_l2h8c,0,0.0,2.204
156,roi_l2h8c,0,0.0,3.219
157,roi_l2h8c,0,0.0,1.183
158,roi_l2h8c,0,0.0,1.329
159,roi_l2h8c,0,0.0,1.294
160,roi_l2h8c,0,0.0,3.462
161,roi_l2h8c,0,0.0,2.161
162,roi_l2h8c,0,0.0,2.606
163,roi_l2h8c,0,0.0,1.611
164,roi_l2h8c,0,0.0,4.2
165,roi_l2h8c,0,0.0,1.136
166,roi_l2h8c,0,0.0,1.659
167,roi_l2h8c,0,0.0,0.945
168,roi_l2h8c,0,0.0,0.998
169,roi_l2h8c,0,0.0,1.066
170,roi_l2h8c,0,0.0,3.823
171,roi_l2h8c,0,0.0,1.113
172,roi_l2h8c,0,0.0,1.545
173,roi_l2h8c,0,0.0,1.2
174,roi_l2h8c,0,0.0,1.683
175,roi_l2h8c,0,0.0,1.264
176,roi_l2h8c,0,0.0,1.724
177,roi_l2h8c,0,0.0,1.424
178,roi_l2h8c,0,0.0,1.648
179,roi_l2h8c,0,0.0,1.402
180,roi_l2h8c,0,0.0,4.324
181,roi_l2h8c,0,0.0,1.131
182,roi_l2h8c,0,0.0,0.97
183,roi_l2h8c,0,0.0,2.853
184,roi_l2h8c,0,0.0,2.812
185,roi_l2h8c,0,0.0,6.047
186,roi_l2h8c,0,0.0,2.084
187,roi_l2h8c,0,0.0,1.022
188,roi_l2h8c,0,0.0,1.502
189,roi_l2h8c,0,0.0,1.31
190,roi_l2h8c,0,0.0,1.352
191,roi_l2h8c,0,0.0,1.951
192,roi_l2h8c,0,0.0,1.183
193,roi_l2h8c,0,0.0,1.237
194,roi_l2h8c,0,0.0,2.41
195,roi_l2h8c,0,0.0,1.762
196,roi_l2h8c,0,0.0,1.446
197,roi_l2h8c,0,0.0,1.434
198,roi_l2h8c,0,0.0,1.352
199,roi_l2h8c,0,0.0,1.166
200,roi_l2h8c,0,0.0,6.495
201,roi_l2h8c,0,0.0,1.122
202,roi_l2h8c,0,0.0,1.277
203,roi_l2h8c,0,0.0,1.266
204,roi_l2h8c,0,0.0,0.82
205,roi_l2h8c,0,0.0,1.218
206,roi_l2h8c,0,0.0,1.211
207,roi_l2h8c,0,0.0,4.477
208,roi_l2h8c,0,0.0,5.091
209,roi_l2h8c,0,0.0,1.582
210,roi_l2h8c,0,0.0,1.206
211,roi_l2h8c,0,0.0,1.32
212,roi_l2h8c,0,0.0,2.975
213,roi_l2h8c,0,0.0,1.089
214,roi_l2h8c,0,0.0,2.185
215,roi_l2h8c,0,0.0,1.139
216,roi_l2h8c,0,0.0,2.174
217,roi_l2h8c,0,0.0,1.224
218,roi_l2h8c,0,0.0,1.38
219,roi_l2h8c,0,0.0,5.054
220,roi_l2h8c,0,0.0,1.325
221,roi_l2h8c,0,0.0,1.164
222,roi_l2h8c,0,0.0,1.304
223,roi_l2h8c,0,0.0,1.676
224,roi_l2h8c,0,0.0,1.758
225,roi_l2h8c,0,0.0,1.555
226,roi_l2h8c,0,0.0,0.958
227,roi_l2h8c,0,0.0,1.417
228,roi_l2h8c,0,0.0,1.428
229,roi_l2h8c,0,0.0,1.644
230,roi_l2h8c,0,0.0,2.61
231,roi_l2h8c,0,0.0,2.261
232,roi_l2h8c,0,0.0,1.052
233,roi_l2h8c,0,0.0,4.08
234,roi_l2h8c,0,0.0,1.918
235,roi_l2h8c,0,0.0,0.903
236,roi_l2h8c,0,0.0,1.605
237,roi_l2h8c,0,0.0,2.162
238,roi_l2h8c,0,0.0,3.598
239,roi_l2h8c,0,0.0,1.047
240,roi_l2h8c,0,0.0,1.177
241,roi_l2h8c,0,0.0,5.134
242,roi_l2h8c,0,0.0,1.189
243,roi_l2h8c,0,0.0,3.058
244,roi_l2h8c,0,0.0,2.857
245,roi_l2h8c,0,0.0,3.952
246,roi_l2h8c,0,0.0,1.057
247,roi_l2h8c,0,0.0,2.064
248,roi_l2h8c,0,0.0,1.849
249,roi_l2h8c,0,0.0,1.585
250,roi_l2h8c,0,0.0,1.599
251,roi_l2h8c,0,0.0,1.07
252,roi_l2h8c,0,0.0,1.256
253,roi_l2h8c,0,0.0,1.773
254,roi_l2h8c,0,0.0,6.25
255,roi_l2h8c,0,0.0,1.264
256,roi_l2h8c,0,0.0,1.252
257,roi_l2h8c,0,0.0,1.777
258,roi_l2h8c,0,0.0,2.76
259,roi_l2h8c,0,0.0,1.018
260,roi_l2h8c,0,0.0,1.453
261,roi_l2h8c,0,0.0,1.6
262,roi_l2h8c,0,0.0,1.294
263,roi_l2h8c,0,0.0,1.196
264,roi_l2h8c,0,0.0,2.145
265,roi_l2h8c,0,0.0,1.588
266,roi_l2h8c,0,0.0,0.984
267,roi_l2h8c,0,0.0,1.535
268,roi_l2h8c,0,0.0,1.428
269,roi_l2h8c,0,0.0,1.435
270,roi_l2h8c,0,0.0,2.043
271,roi_l2h8c,0,0.0,1.573
272,roi_l2h8c,0,0.0,1.112
273,roi_l2h8c,0,0.0,2.027
274,roi_l2h8c,0,0.0,1.337
275,roi_l2h8c,0,0.0,1.087
276,roi_l2h8c,0,0.0,1.238
277,roi_l2h8c,0,0.0,2.146
278,roi_l2h8c,0,0.0,2.859
279,roi_l2h8c,0,0.0,3.066
280,roi_l2h8c,0,0.0,6.94
281,roi_l2h8c,0,0.0,1.103
282,roi_l2h8c,0,0.0,1.174
283,roi_l2h8c,0,0.0,0.975
284,roi_l2h8c,0,0.0,0.904
285,roi_l2h8c,0,0.0,1.696
286,roi_l2h8c,0,0.0,1.207
287,roi_l2h8c,0,0.0,2.708
288,roi_l2h8c,0,0.0,1.218
289,roi_l2h8c,0,0.0,2.002
290,roi_l2h8c,0,0.0,1.159
291,roi_l2h8c,0,0.0,1.217
292,roi_l2h8c,0,0.0,1.072
293,roi_l2h8c,0,0.0,6.862
294,roi_l2h8c,0,0.0,1.361
295,roi_l2h8c,0,0.0,5.143
296,roi_l2h8c,0,0.0,1.744
297,roi_l2h8c,0,0.0,1.357
298,roi_l2h8c,0,0.0,1.502
299,roi_l2h8c,0,0.0,1.074
300,roi_l2h8c,0,0.0,1.178
301,roi_l2h8c,0,0.0,1.394
302,roi_l2h8c,0,0.0,1.217
303,roi_l2h8c,0,0.0,1.94
304,roi_l2h8c,0,0.0,1.325
305,roi_l2h8c,0,0.0,1.191
306,roi_l2h8c,0,0.0,2.032
307,roi_l2h8c,0,0.0,1.553
308,roi_l2h8c,0,0.0,2.275
309,roi_l2h8c,0,0.0,4.849
310,roi_l2h8c,0,0.0,9.041
311,roi_l2h8c,0,0.0,1.166
312,roi_l2h8c,0,0.0,1.265
313,roi_l2h8c,0,0.0,1.51
314,roi_l2h8c,0,0.0,1.185
315,roi_l2h8c,0,0.0,2.364
316,roi_l2h8c,0,0.0,2.234
317,roi_l2h8c,0,0.0,4.495
318,roi_l2h8c,0,0.0,1.096
319,roi_l2h8c,0,0.0,2.157
320,roi_l2h8c,0,0.0,1.97
321,roi_l2h8c,0,0.0,3.935
322,roi_l2h8c,0,0.0,1.799
323,roi_l2h8c,0,0.0,1.218
324,roi_l2h8c,0,0.0,7.68
325,roi_l2h8c,0,0.0,1.955
326,roi_l2h8c,0,0.0,2.05
327,roi_l2h8c,0,0.0,2.806
328,roi_l2h8c,0,0.0,2.759
329,roi_l2h8c,0,0.0,2.707
330,roi_l2h8c,0,0.0,1.173
331,roi_l2h8c,0,0.0,1.38
332,roi_l2h8c,0,0.0,1.435
333,roi_l2h8c,0,0.0,1.278
334,roi_l2h8c,0,0.0,1.181
335,roi_l2h8c,0,0.0,1.256
336,roi_l2h8c,0,0.0,1.298
337,roi_l2h8c,0,0.0,1.4
338,roi_l2h8c,0,0.0,1.154
339,roi_l2h8c,0,0.0,1.701
340,roi_l2h8c,0,0.0,6.104
341,roi_l2h8c,0,0.0,3.228
342,roi_l2h8c,0,0.0,1.242
343,roi_l2h8c,0,0.0,1.311
344,roi_l2h8c,0,0.0,4.609
345,roi_l2h8c,0,0.0,1.236
346,roi_l2h8c,0,0.0,0.885
347,roi_l2h8c,0,0.0,1.022
348,roi_l2h8c,0,0.0,0.955
349,roi_l2h8c,0,0.0,1.069
350,roi_l2h8c,0,0.0,1.991
351,roi_l2h8c,0,0.0,0.941
352,roi_l2h8c,0,0.0,1.867
353,roi_l2h8c,0,0.0,2.682
354,roi_l2h8c,0,0.0,3.092
355,roi_l2h8c,0,0.0,1.887
356,roi_l2h8c,0,0.0,1.024
357,roi_l2h8c,0,0.0,6.196
358,roi_l2h8c,0,0.0,2.677
359,roi_l2h8c,0,0.0,1.364
360,roi_l2h8c,0,0.0,1.45
361,roi_l2h8c,0,0.0,1.22
362,roi_l2h8c,0,0.0,1.612
363,roi_l2h8c,0,0.0,1.084
364,roi_l2h8c,0,0.0,1.154
365,roi_l2h8c,0,0.0,1.335
366,roi_l2h8c,0,0.0,0.945
367,roi_l2h8c,0,0.0,1.858
368,roi_l2h8c,0,0.0,1.691
369,roi_l2h8c,0,0.0,1.509
370,roi_l2h8c,0,0.0,6.963
371,roi_l2h8c,0,0.0,1.192
372,roi_l2h8c,0,0.0,1.223
373,roi_l2h8c,0,0.0,1.494
374,roi_l2h8c,0,0.0,1.129
375,roi_l2h8c,0,0.0,1.791
376,roi_l2h8c,0,0.0,1.177
377,roi_l2h8c,0,0.0,1.284
378,roi_l2h8c,0,0.0,1.2
379,roi_l2h8c,0,0.0,1.246
380,roi_l2h8c,0,0.0,1.269
381,roi_l2h8c,0,0.0,1.777
382,roi_l2h8c,0,0.0,1.896
383,roi_l2h8c,0,0.0,1.875
384,roi_l2h8c,0,0.0,1.156
385,roi_l2h8c,0,0.0,2.023
386,roi_l2h8c,0,0.0,0.978
387,roi_l2h8c,0,0.0,1.132
388,roi_l2h8c,0,0.0,1.122
389,roi_l2h8c,0,0.0,2.256
390,roi_l2h8c,0,0.0,2.097
391,roi_l2h8c,0,0.0,1.199
392,roi_l2h8c,0,0.0,1.123
393,roi_l2h8c,0,0.0,1.381
394,roi_l2h8c,0,0.0,1.051
395,roi_l2h8c,0,0.0,3.642
396,roi_l2h8c,0,0.0,1.023
397,roi_l2h8c,0,0.0,1.206
398,roi_l2h8c,0,0.0,1.196
399,roi_l2h8c,0,0.0,2.695
400,roi_l2h8c,0,0.0,1.115
401,roi_l2h8c,0,0.0,1.282
402,roi_l2h8c,0,0.0,1.248
403,roi_l2h8c,0,0.0,1.375
404,roi_l2h8c,0,0.0,0.86
405,roi_l2h8c,0,0.0,1.015
406,roi_l2h8c,0,0.0,1.169
407,roi_l2h8c,0,0.0,1.213
408,roi_l2h8c,0,0.0,1.005
409,roi_l2h8c,0,0.0,2.076
410,roi_l2h8c,0,0.0,0.914
411,roi_l2h8c,0,0.0,2.415
412,roi_l2h8c,0,0.0,1.587
413,roi_l2h8c,0,0.0,0.928
414,roi_l2h8c,0,0.0,1.388
